complaint_id,received_ts,retailer,shipment_id_mentioned,subject,body
CMP-0001,2026-04-23 20:59:00+00:00,Costco Canada,SHP-0001,Product thawed on arrival,Hi team — shipment SHP-0001 arrived at our Costco Canada DC with three pallets that were clearly partially thawed. Received temp gun reading was around -8C on the outside cases. We'll be submitting a chargeback.
CMP-0002,2026-04-24 15:10:00+00:00,Save-On-Foods,SHP-0002,Ice formation inside packs,Shipment SHP-0002 delivered to Save-On-Foods — opened retail packs showing heavy ice formation. This typically indicates partial thaw and refreeze. Need root cause before next PO.
CMP-0003,2026-04-22 17:00:00+00:00,Costco Canada,SHP-0003,Ice formation inside packs,Shipment SHP-0003 delivered to Costco Canada — opened retail packs showing heavy ice formation. This typically indicates partial thaw and refreeze. Need root cause before next PO.
CMP-0004,2026-04-23 17:16:00+00:00,Sobeys,SHP-0004,Product thawed on arrival,Hi team — shipment SHP-0004 arrived at our Sobeys DC with three pallets that were clearly partially thawed. Received temp gun reading was around -8C on the outside cases. We'll be submitting a chargeback.
CMP-0005,2026-04-21 05:18:00+00:00,Metro,SHP-0005,"Texture issue, multiple SKUs","Customer complaints at retail on Pizza from shipment SHP-0005. Soggy texture after frying, suggests temperature abuse in transit. Batch code traces to load delivered to Metro."
CMP-0006,2026-04-22 20:02:00+00:00,Couche-Tard,SHP-0008,Freezer burn on fries batch,We received shipment SHP-0008 at Couche-Tard yesterday. Opened a case of Fries and found obvious ice crystals and freezer burn. This is a quality issue — pallet smelled off-gas as well. Please investigate.
CMP-0007,2026-04-20 04:10:00+00:00,Walmart Canada,SHP-0016,Product thawed on arrival,Hi team — shipment SHP-0016 arrived at our Walmart Canada DC with three pallets that were clearly partially thawed. Received temp gun reading was around -8C on the outside cases. We'll be submitting a chargeback.
CMP-0008,2026-04-22 14:46:00+00:00,Save-On-Foods,SHP-0025,Ice formation inside packs,Shipment SHP-0025 delivered to Save-On-Foods — opened retail packs showing heavy ice formation. This typically indicates partial thaw and refreeze. Need root cause before next PO.
CMP-0009,2026-04-25 02:19:00+00:00,Save-On-Foods,SHP-0082,Freezer burn on fries batch,We received shipment SHP-0082 at Save-On-Foods yesterday. Opened a case of Desserts and found obvious ice crystals and freezer burn. This is a quality issue — pallet smelled off-gas as well. Please investigate.
CMP-0010,2026-04-25 11:52:00+00:00,Metro,SHP-0097,"Texture issue, multiple SKUs","Customer complaints at retail on Pizza from shipment SHP-0097. Soggy texture after frying, suggests temperature abuse in transit. Batch code traces to load delivered to Metro."
CMP-0011,2026-04-22 17:21:00+00:00,Whole Foods,SHP-0055,Ice formation inside packs,Shipment SHP-0055 delivered to Whole Foods — opened retail packs showing heavy ice formation. This typically indicates partial thaw and refreeze. Need root cause before next PO.
CMP-0012,2026-04-21 19:03:00+00:00,Whole Foods,SHP-0110,Suspected cold chain break,"Our receivers at Whole Foods flagged shipment SHP-0110 — reefer temp readout on arrival showed -11C, well above the -18C spec. Requesting full cold chain trace."
CMP-0013,2026-04-19 05:17:00+00:00,Whole Foods,SHP-0043,Suspected cold chain break,"Our receivers at Whole Foods flagged shipment SHP-0043 — reefer temp readout on arrival showed -11C, well above the -18C spec. Requesting full cold chain trace."
CMP-0014,2026-04-20 14:30:00+00:00,Loblaws,SHP-0048,"Texture issue, multiple SKUs","Customer complaints at retail on Desserts from shipment SHP-0048. Soggy texture after frying, suggests temperature abuse in transit. Batch code traces to load delivered to Loblaws."
CMP-0015,2026-04-19 07:35:00+00:00,Costco Canada,SHP-0072,Freezer burn on fries batch,We received shipment SHP-0072 at Costco Canada yesterday. Opened a case of Hash Browns and found obvious ice crystals and freezer burn. This is a quality issue — pallet smelled off-gas as well. Please investigate.
CMP-0016,2026-04-24 07:28:00+00:00,Whole Foods,SHP-0085,Suspected cold chain break,"Our receivers at Whole Foods flagged shipment SHP-0085 — reefer temp readout on arrival showed -11C, well above the -18C spec. Requesting full cold chain trace."
CMP-0017,2026-04-24 11:44:00+00:00,Walmart Canada,SHP-0060,"Texture issue, multiple SKUs","Customer complaints at retail on Pizza from shipment SHP-0060. Soggy texture after frying, suggests temperature abuse in transit. Batch code traces to load delivered to Walmart Canada."
CMP-0018,2026-04-24 16:42:00+00:00,Metro,SHP-0039,"Texture issue, multiple SKUs","Customer complaints at retail on Appetizers from shipment SHP-0039. Soggy texture after frying, suggests temperature abuse in transit. Batch code traces to load delivered to Metro."
CMP-0019,2026-04-18 07:32:00+00:00,Save-On-Foods,SHP-0065,Freezer burn on fries batch,We received shipment SHP-0065 at Save-On-Foods yesterday. Opened a case of Hash Browns and found obvious ice crystals and freezer burn. This is a quality issue — pallet smelled off-gas as well. Please investigate.
CMP-0020,2026-04-26 22:07:00+00:00,Walmart Canada,SHP-0079,Freezer burn on fries batch,We received shipment SHP-0079 at Walmart Canada yesterday. Opened a case of Fries and found obvious ice crystals and freezer burn. This is a quality issue — pallet smelled off-gas as well. Please investigate.
CMP-0021,2026-04-22 02:53:00+00:00,Costco Canada,SHP-0116,Ice formation inside packs,Shipment SHP-0116 delivered to Costco Canada — opened retail packs showing heavy ice formation. This typically indicates partial thaw and refreeze. Need root cause before next PO.
CMP-0022,2026-04-21 23:14:00+00:00,Walmart Canada,SHP-0050,Ice formation inside packs,Shipment SHP-0050 delivered to Walmart Canada — opened retail packs showing heavy ice formation. This typically indicates partial thaw and refreeze. Need root cause before next PO.
CMP-0023,2026-04-20 09:44:00+00:00,Walmart Canada,SHP-0063,Suspected cold chain break,"Our receivers at Walmart Canada flagged shipment SHP-0063 — reefer temp readout on arrival showed -11C, well above the -18C spec. Requesting full cold chain trace."
CMP-0024,2026-04-25 06:42:00+00:00,Whole Foods,SHP-0107,Ice formation inside packs,Shipment SHP-0107 delivered to Whole Foods — opened retail packs showing heavy ice formation. This typically indicates partial thaw and refreeze. Need root cause before next PO.
CMP-0025,2026-04-25 02:20:00+00:00,Costco Canada,SHP-0026,Product thawed on arrival,Hi team — shipment SHP-0026 arrived at our Costco Canada DC with three pallets that were clearly partially thawed. Received temp gun reading was around -8C on the outside cases. We'll be submitting a chargeback.
CMP-0026,2026-04-23 08:15:00+00:00,Loblaws,SHP-0058,Freezer burn on fries batch,We received shipment SHP-0058 at Loblaws yesterday. Opened a case of Hash Browns and found obvious ice crystals and freezer burn. This is a quality issue — pallet smelled off-gas as well. Please investigate.
CMP-0027,2026-04-25 21:25:00+00:00,Costco Canada,SHP-0062,Ice formation inside packs,Shipment SHP-0062 delivered to Costco Canada — opened retail packs showing heavy ice formation. This typically indicates partial thaw and refreeze. Need root cause before next PO.
CMP-0028,2026-04-23 14:00:00+00:00,Sobeys,SHP-0093,"Texture issue, multiple SKUs","Customer complaints at retail on Desserts from shipment SHP-0093. Soggy texture after frying, suggests temperature abuse in transit. Batch code traces to load delivered to Sobeys."
