event_id,trailer_id,shipment_id,ts,event,location
DR-SHP-0001-LD,T-007,SHP-0001,2026-04-14 09:39:00+00:00,door_open,Florenceville Plant
DR-SHP-0001-LC,T-007,SHP-0001,2026-04-14 09:54:00+00:00,door_close,Florenceville Plant
DR-SHP-0001-UD,T-007,SHP-0001,2026-04-15 03:02:00+00:00,door_open,DC-CST-01 receiving
DR-SHP-0002-LD,T-014,SHP-0002,2026-04-15 23:50:00+00:00,door_open,Florenceville Plant
DR-SHP-0002-LC,T-014,SHP-0002,2026-04-16 00:05:00+00:00,door_close,Florenceville Plant
DR-SHP-0002-UD,T-014,SHP-0002,2026-04-16 20:13:00+00:00,door_open,DC-SVN-01 receiving
DR-SHP-0002-C1,T-014,SHP-0002,2026-04-16 01:10:00+00:00,door_open,Montreal consolidation stop
DR-SHP-0002-C2,T-014,SHP-0002,2026-04-16 01:55:00+00:00,door_close,Montreal consolidation stop
DR-SHP-0003-LD,T-001,SHP-0003,2026-04-18 14:40:00+00:00,door_open,Florenceville Plant
DR-SHP-0003-LC,T-001,SHP-0003,2026-04-18 14:55:00+00:00,door_close,Florenceville Plant
DR-SHP-0003-UD,T-001,SHP-0003,2026-04-19 18:03:00+00:00,door_open,DC-CST-01 receiving
DR-SHP-0003-C1,T-001,SHP-0003,2026-04-18 16:00:00+00:00,door_open,Montreal consolidation stop
DR-SHP-0003-C2,T-001,SHP-0003,2026-04-18 16:45:00+00:00,door_close,Montreal consolidation stop
DR-SHP-0004-LD,T-015,SHP-0004,2026-04-14 09:56:00+00:00,door_open,Florenceville Plant
DR-SHP-0004-LC,T-015,SHP-0004,2026-04-14 10:11:00+00:00,door_close,Florenceville Plant
DR-SHP-0004-UD,T-015,SHP-0004,2026-04-14 19:19:00+00:00,door_open,DC-SOB-01 receiving
DR-SHP-0004-C1,T-015,SHP-0004,2026-04-14 11:16:00+00:00,door_open,Montreal consolidation stop
DR-SHP-0004-C2,T-015,SHP-0004,2026-04-14 12:01:00+00:00,door_close,Montreal consolidation stop
DR-SHP-0005-LD,T-012,SHP-0005,2026-04-15 20:58:00+00:00,door_open,Florenceville Plant
DR-SHP-0005-LC,T-012,SHP-0005,2026-04-15 21:13:00+00:00,door_close,Florenceville Plant
DR-SHP-0005-UD,T-012,SHP-0005,2026-04-16 22:21:00+00:00,door_open,DC-MET-01 receiving
DR-SHP-0006-LD,T-003,SHP-0006,2026-04-15 04:23:00+00:00,door_open,Florenceville Plant
DR-SHP-0006-LC,T-003,SHP-0006,2026-04-15 04:38:00+00:00,door_close,Florenceville Plant
DR-SHP-0006-UD,T-003,SHP-0006,2026-04-16 06:46:00+00:00,door_open,DC-SVN-01 receiving
DR-SHP-0007-LD,T-010,SHP-0007,2026-04-15 16:37:00+00:00,door_open,Florenceville Plant
DR-SHP-0007-LC,T-010,SHP-0007,2026-04-15 16:52:00+00:00,door_close,Florenceville Plant
DR-SHP-0007-UD,T-010,SHP-0007,2026-04-17 04:00:00+00:00,door_open,DC-WHL-01 receiving
DR-SHP-0008-LD,T-007,SHP-0008,2026-04-15 21:42:00+00:00,door_open,Florenceville Plant
DR-SHP-0008-LC,T-007,SHP-0008,2026-04-15 21:57:00+00:00,door_close,Florenceville Plant
DR-SHP-0008-UD,T-007,SHP-0008,2026-04-16 04:05:00+00:00,door_open,DC-CCH-01 receiving
DR-SHP-0009-LD,T-002,SHP-0009,2026-04-15 18:50:00+00:00,door_open,Florenceville Plant
DR-SHP-0009-LC,T-002,SHP-0009,2026-04-15 19:05:00+00:00,door_close,Florenceville Plant
DR-SHP-0009-UD,T-002,SHP-0009,2026-04-17 00:13:00+00:00,door_open,DC-MET-01 receiving
DR-SHP-0010-LD,T-011,SHP-0010,2026-04-13 01:47:00+00:00,door_open,Florenceville Plant
DR-SHP-0010-LC,T-011,SHP-0010,2026-04-13 02:02:00+00:00,door_close,Florenceville Plant
DR-SHP-0010-UD,T-011,SHP-0010,2026-04-13 10:10:00+00:00,door_open,DC-CCH-01 receiving
DR-SHP-0011-LD,T-005,SHP-0011,2026-04-16 22:17:00+00:00,door_open,Florenceville Plant
DR-SHP-0011-LC,T-005,SHP-0011,2026-04-16 22:32:00+00:00,door_close,Florenceville Plant
DR-SHP-0011-UD,T-005,SHP-0011,2026-04-17 21:40:00+00:00,door_open,DC-LOB-01 receiving
DR-SHP-0012-LD,T-002,SHP-0012,2026-04-13 09:59:00+00:00,door_open,Florenceville Plant
DR-SHP-0012-LC,T-002,SHP-0012,2026-04-13 10:14:00+00:00,door_close,Florenceville Plant
DR-SHP-0012-UD,T-002,SHP-0012,2026-04-14 03:22:00+00:00,door_open,DC-MET-01 receiving
DR-SHP-0013-LD,T-013,SHP-0013,2026-04-15 15:22:00+00:00,door_open,Florenceville Plant
DR-SHP-0013-LC,T-013,SHP-0013,2026-04-15 15:37:00+00:00,door_close,Florenceville Plant
DR-SHP-0013-UD,T-013,SHP-0013,2026-04-16 00:45:00+00:00,door_open,DC-WMT-01 receiving
DR-SHP-0014-LD,T-001,SHP-0014,2026-04-14 15:39:00+00:00,door_open,Florenceville Plant
DR-SHP-0014-LC,T-001,SHP-0014,2026-04-14 15:54:00+00:00,door_close,Florenceville Plant
DR-SHP-0014-UD,T-001,SHP-0014,2026-04-16 03:02:00+00:00,door_open,DC-CCH-01 receiving
DR-SHP-0015-LD,T-009,SHP-0015,2026-04-17 08:41:00+00:00,door_open,Florenceville Plant
DR-SHP-0015-LC,T-009,SHP-0015,2026-04-17 08:56:00+00:00,door_close,Florenceville Plant
DR-SHP-0015-UD,T-009,SHP-0015,2026-04-17 20:04:00+00:00,door_open,DC-MET-01 receiving
DR-SHP-0016-LD,T-007,SHP-0016,2026-04-15 19:50:00+00:00,door_open,Florenceville Plant
DR-SHP-0016-LC,T-007,SHP-0016,2026-04-15 20:05:00+00:00,door_close,Florenceville Plant
DR-SHP-0016-UD,T-007,SHP-0016,2026-04-17 03:13:00+00:00,door_open,DC-WMT-01 receiving
DR-SHP-0017-LD,T-002,SHP-0017,2026-04-17 23:54:00+00:00,door_open,Florenceville Plant
DR-SHP-0017-LC,T-002,SHP-0017,2026-04-18 00:09:00+00:00,door_close,Florenceville Plant
DR-SHP-0017-UD,T-002,SHP-0017,2026-04-18 12:17:00+00:00,door_open,DC-LOB-01 receiving
DR-SHP-0018-LD,T-003,SHP-0018,2026-04-15 09:54:00+00:00,door_open,Florenceville Plant
DR-SHP-0018-LC,T-003,SHP-0018,2026-04-15 10:09:00+00:00,door_close,Florenceville Plant
DR-SHP-0018-UD,T-003,SHP-0018,2026-04-15 16:17:00+00:00,door_open,DC-CST-01 receiving
DR-SHP-0019-LD,T-001,SHP-0019,2026-04-15 23:35:00+00:00,door_open,Florenceville Plant
DR-SHP-0019-LC,T-001,SHP-0019,2026-04-15 23:50:00+00:00,door_close,Florenceville Plant
DR-SHP-0019-UD,T-001,SHP-0019,2026-04-16 07:58:00+00:00,door_open,DC-SVN-01 receiving
DR-SHP-0020-LD,T-013,SHP-0020,2026-04-16 11:41:00+00:00,door_open,Florenceville Plant
DR-SHP-0020-LC,T-013,SHP-0020,2026-04-16 11:56:00+00:00,door_close,Florenceville Plant
DR-SHP-0020-UD,T-013,SHP-0020,2026-04-16 21:04:00+00:00,door_open,DC-CCH-01 receiving
DR-SHP-0021-LD,T-009,SHP-0021,2026-04-13 08:46:00+00:00,door_open,Florenceville Plant
DR-SHP-0021-LC,T-009,SHP-0021,2026-04-13 09:01:00+00:00,door_close,Florenceville Plant
DR-SHP-0021-UD,T-009,SHP-0021,2026-04-14 10:09:00+00:00,door_open,DC-CST-01 receiving
DR-SHP-0022-LD,T-004,SHP-0022,2026-04-17 15:18:00+00:00,door_open,Florenceville Plant
DR-SHP-0022-LC,T-004,SHP-0022,2026-04-17 15:33:00+00:00,door_close,Florenceville Plant
DR-SHP-0022-UD,T-004,SHP-0022,2026-04-18 13:41:00+00:00,door_open,DC-SVN-01 receiving
DR-SHP-0023-LD,T-010,SHP-0023,2026-04-15 16:42:00+00:00,door_open,Florenceville Plant
DR-SHP-0023-LC,T-010,SHP-0023,2026-04-15 16:57:00+00:00,door_close,Florenceville Plant
DR-SHP-0023-UD,T-010,SHP-0023,2026-04-16 21:05:00+00:00,door_open,DC-WMT-01 receiving
DR-SHP-0024-LD,T-013,SHP-0024,2026-04-16 21:07:00+00:00,door_open,Florenceville Plant
DR-SHP-0024-LC,T-013,SHP-0024,2026-04-16 21:22:00+00:00,door_close,Florenceville Plant
DR-SHP-0024-UD,T-013,SHP-0024,2026-04-17 05:30:00+00:00,door_open,DC-WMT-01 receiving
DR-SHP-0025-LD,T-007,SHP-0025,2026-04-14 07:26:00+00:00,door_open,Florenceville Plant
DR-SHP-0025-LC,T-007,SHP-0025,2026-04-14 07:41:00+00:00,door_close,Florenceville Plant
DR-SHP-0025-UD,T-007,SHP-0025,2026-04-15 17:49:00+00:00,door_open,DC-SVN-01 receiving
DR-SHP-0026-LD,T-009,SHP-0026,2026-04-17 08:00:00+00:00,door_open,Florenceville Plant
DR-SHP-0026-LC,T-009,SHP-0026,2026-04-17 08:15:00+00:00,door_close,Florenceville Plant
DR-SHP-0026-UD,T-009,SHP-0026,2026-04-18 02:23:00+00:00,door_open,DC-CST-01 receiving
DR-SHP-0027-LD,T-006,SHP-0027,2026-04-15 01:06:00+00:00,door_open,Florenceville Plant
DR-SHP-0027-LC,T-006,SHP-0027,2026-04-15 01:21:00+00:00,door_close,Florenceville Plant
DR-SHP-0027-UD,T-006,SHP-0027,2026-04-16 04:29:00+00:00,door_open,DC-MET-01 receiving
DR-SHP-0028-LD,T-011,SHP-0028,2026-04-16 05:05:00+00:00,door_open,Florenceville Plant
DR-SHP-0028-LC,T-011,SHP-0028,2026-04-16 05:20:00+00:00,door_close,Florenceville Plant
DR-SHP-0028-UD,T-011,SHP-0028,2026-04-17 04:28:00+00:00,door_open,DC-MET-01 receiving
DR-SHP-0029-LD,T-004,SHP-0029,2026-04-15 05:07:00+00:00,door_open,Florenceville Plant
DR-SHP-0029-LC,T-004,SHP-0029,2026-04-15 05:22:00+00:00,door_close,Florenceville Plant
DR-SHP-0029-UD,T-004,SHP-0029,2026-04-16 12:30:00+00:00,door_open,DC-CST-01 receiving
DR-SHP-0030-LD,T-013,SHP-0030,2026-04-17 23:08:00+00:00,door_open,Florenceville Plant
DR-SHP-0030-LC,T-013,SHP-0030,2026-04-17 23:23:00+00:00,door_close,Florenceville Plant
DR-SHP-0030-UD,T-013,SHP-0030,2026-04-18 19:31:00+00:00,door_open,DC-SVN-01 receiving
DR-SHP-0031-LD,T-015,SHP-0031,2026-04-14 19:22:00+00:00,door_open,Florenceville Plant
DR-SHP-0031-LC,T-015,SHP-0031,2026-04-14 19:37:00+00:00,door_close,Florenceville Plant
DR-SHP-0031-UD,T-015,SHP-0031,2026-04-15 03:45:00+00:00,door_open,DC-WHL-01 receiving
DR-SHP-0032-LD,T-012,SHP-0032,2026-04-13 23:32:00+00:00,door_open,Florenceville Plant
DR-SHP-0032-LC,T-012,SHP-0032,2026-04-13 23:47:00+00:00,door_close,Florenceville Plant
DR-SHP-0032-UD,T-012,SHP-0032,2026-04-15 11:55:00+00:00,door_open,DC-SVN-01 receiving
DR-SHP-0033-LD,T-006,SHP-0033,2026-04-15 09:31:00+00:00,door_open,Florenceville Plant
DR-SHP-0033-LC,T-006,SHP-0033,2026-04-15 09:46:00+00:00,door_close,Florenceville Plant
DR-SHP-0033-UD,T-006,SHP-0033,2026-04-15 21:54:00+00:00,door_open,DC-CST-01 receiving
DR-SHP-0034-LD,T-013,SHP-0034,2026-04-15 14:10:00+00:00,door_open,Florenceville Plant
DR-SHP-0034-LC,T-013,SHP-0034,2026-04-15 14:25:00+00:00,door_close,Florenceville Plant
DR-SHP-0034-UD,T-013,SHP-0034,2026-04-16 15:33:00+00:00,door_open,DC-LOB-01 receiving
DR-SHP-0035-LD,T-008,SHP-0035,2026-04-15 01:25:00+00:00,door_open,Florenceville Plant
DR-SHP-0035-LC,T-008,SHP-0035,2026-04-15 01:40:00+00:00,door_close,Florenceville Plant
DR-SHP-0035-UD,T-008,SHP-0035,2026-04-16 05:48:00+00:00,door_open,DC-CCH-01 receiving
DR-SHP-0036-LD,T-012,SHP-0036,2026-04-15 13:49:00+00:00,door_open,Florenceville Plant
DR-SHP-0036-LC,T-012,SHP-0036,2026-04-15 14:04:00+00:00,door_close,Florenceville Plant
DR-SHP-0036-UD,T-012,SHP-0036,2026-04-16 16:12:00+00:00,door_open,DC-CCH-01 receiving
DR-SHP-0037-LD,T-014,SHP-0037,2026-04-17 11:54:00+00:00,door_open,Florenceville Plant
DR-SHP-0037-LC,T-014,SHP-0037,2026-04-17 12:09:00+00:00,door_close,Florenceville Plant
DR-SHP-0037-UD,T-014,SHP-0037,2026-04-17 23:17:00+00:00,door_open,DC-SOB-01 receiving
DR-SHP-0038-LD,T-012,SHP-0038,2026-04-15 15:38:00+00:00,door_open,Florenceville Plant
DR-SHP-0038-LC,T-012,SHP-0038,2026-04-15 15:53:00+00:00,door_close,Florenceville Plant
DR-SHP-0038-UD,T-012,SHP-0038,2026-04-17 01:01:00+00:00,door_open,DC-LOB-01 receiving
DR-SHP-0039-LD,T-008,SHP-0039,2026-04-17 22:22:00+00:00,door_open,Florenceville Plant
DR-SHP-0039-LC,T-008,SHP-0039,2026-04-17 22:37:00+00:00,door_close,Florenceville Plant
DR-SHP-0039-UD,T-008,SHP-0039,2026-04-18 20:45:00+00:00,door_open,DC-MET-01 receiving
DR-SHP-0040-LD,T-010,SHP-0040,2026-04-17 17:19:00+00:00,door_open,Florenceville Plant
DR-SHP-0040-LC,T-010,SHP-0040,2026-04-17 17:34:00+00:00,door_close,Florenceville Plant
DR-SHP-0040-UD,T-010,SHP-0040,2026-04-19 01:42:00+00:00,door_open,DC-SVN-01 receiving
DR-SHP-0041-LD,T-012,SHP-0041,2026-04-14 16:27:00+00:00,door_open,Florenceville Plant
DR-SHP-0041-LC,T-012,SHP-0041,2026-04-14 16:42:00+00:00,door_close,Florenceville Plant
DR-SHP-0041-UD,T-012,SHP-0041,2026-04-16 01:50:00+00:00,door_open,DC-WHL-01 receiving
DR-SHP-0042-LD,T-014,SHP-0042,2026-04-15 15:33:00+00:00,door_open,Florenceville Plant
DR-SHP-0042-LC,T-014,SHP-0042,2026-04-15 15:48:00+00:00,door_close,Florenceville Plant
DR-SHP-0042-UD,T-014,SHP-0042,2026-04-16 17:56:00+00:00,door_open,DC-CST-01 receiving
DR-SHP-0043-LD,T-001,SHP-0043,2026-04-15 12:57:00+00:00,door_open,Florenceville Plant
DR-SHP-0043-LC,T-001,SHP-0043,2026-04-15 13:12:00+00:00,door_close,Florenceville Plant
DR-SHP-0043-UD,T-001,SHP-0043,2026-04-16 09:20:00+00:00,door_open,DC-WHL-01 receiving
DR-SHP-0044-LD,T-003,SHP-0044,2026-04-15 11:57:00+00:00,door_open,Florenceville Plant
DR-SHP-0044-LC,T-003,SHP-0044,2026-04-15 12:12:00+00:00,door_close,Florenceville Plant
DR-SHP-0044-UD,T-003,SHP-0044,2026-04-16 04:20:00+00:00,door_open,DC-CST-01 receiving
DR-SHP-0045-LD,T-001,SHP-0045,2026-04-14 10:49:00+00:00,door_open,Florenceville Plant
DR-SHP-0045-LC,T-001,SHP-0045,2026-04-14 11:04:00+00:00,door_close,Florenceville Plant
DR-SHP-0045-UD,T-001,SHP-0045,2026-04-15 00:12:00+00:00,door_open,DC-SOB-01 receiving
DR-SHP-0046-LD,T-005,SHP-0046,2026-04-15 05:44:00+00:00,door_open,Florenceville Plant
DR-SHP-0046-LC,T-005,SHP-0046,2026-04-15 05:59:00+00:00,door_close,Florenceville Plant
DR-SHP-0046-UD,T-005,SHP-0046,2026-04-16 01:07:00+00:00,door_open,DC-MET-01 receiving
DR-SHP-0047-LD,T-010,SHP-0047,2026-04-17 09:43:00+00:00,door_open,Florenceville Plant
DR-SHP-0047-LC,T-010,SHP-0047,2026-04-17 09:58:00+00:00,door_close,Florenceville Plant
DR-SHP-0047-UD,T-010,SHP-0047,2026-04-17 22:06:00+00:00,door_open,DC-WHL-01 receiving
DR-SHP-0048-LD,T-014,SHP-0048,2026-04-17 01:10:00+00:00,door_open,Florenceville Plant
DR-SHP-0048-LC,T-014,SHP-0048,2026-04-17 01:25:00+00:00,door_close,Florenceville Plant
DR-SHP-0048-UD,T-014,SHP-0048,2026-04-17 07:33:00+00:00,door_open,DC-LOB-01 receiving
DR-SHP-0049-LD,T-004,SHP-0049,2026-04-17 11:14:00+00:00,door_open,Florenceville Plant
DR-SHP-0049-LC,T-004,SHP-0049,2026-04-17 11:29:00+00:00,door_close,Florenceville Plant
DR-SHP-0049-UD,T-004,SHP-0049,2026-04-18 16:37:00+00:00,door_open,DC-CCH-01 receiving
DR-SHP-0050-LD,T-005,SHP-0050,2026-04-18 03:54:00+00:00,door_open,Florenceville Plant
DR-SHP-0050-LC,T-005,SHP-0050,2026-04-18 04:09:00+00:00,door_close,Florenceville Plant
DR-SHP-0050-UD,T-005,SHP-0050,2026-04-18 18:17:00+00:00,door_open,DC-WMT-01 receiving
DR-SHP-0051-LD,T-013,SHP-0051,2026-04-17 03:01:00+00:00,door_open,Florenceville Plant
DR-SHP-0051-LC,T-013,SHP-0051,2026-04-17 03:16:00+00:00,door_close,Florenceville Plant
DR-SHP-0051-UD,T-013,SHP-0051,2026-04-18 06:24:00+00:00,door_open,DC-LOB-01 receiving
DR-SHP-0052-LD,T-002,SHP-0052,2026-04-17 23:38:00+00:00,door_open,Florenceville Plant
DR-SHP-0052-LC,T-002,SHP-0052,2026-04-17 23:53:00+00:00,door_close,Florenceville Plant
DR-SHP-0052-UD,T-002,SHP-0052,2026-04-18 10:01:00+00:00,door_open,DC-MET-01 receiving
DR-SHP-0053-LD,T-014,SHP-0053,2026-04-13 21:21:00+00:00,door_open,Florenceville Plant
DR-SHP-0053-LC,T-014,SHP-0053,2026-04-13 21:36:00+00:00,door_close,Florenceville Plant
DR-SHP-0053-UD,T-014,SHP-0053,2026-04-14 16:44:00+00:00,door_open,DC-LOB-01 receiving
DR-SHP-0054-LD,T-005,SHP-0054,2026-04-13 11:56:00+00:00,door_open,Florenceville Plant
DR-SHP-0054-LC,T-005,SHP-0054,2026-04-13 12:11:00+00:00,door_close,Florenceville Plant
DR-SHP-0054-UD,T-005,SHP-0054,2026-04-14 06:19:00+00:00,door_open,DC-MET-01 receiving
DR-SHP-0055-LD,T-006,SHP-0055,2026-04-16 11:01:00+00:00,door_open,Florenceville Plant
DR-SHP-0055-LC,T-006,SHP-0055,2026-04-16 11:16:00+00:00,door_close,Florenceville Plant
DR-SHP-0055-UD,T-006,SHP-0055,2026-04-17 17:24:00+00:00,door_open,DC-WHL-01 receiving
DR-SHP-0056-LD,T-012,SHP-0056,2026-04-15 16:33:00+00:00,door_open,Florenceville Plant
DR-SHP-0056-LC,T-012,SHP-0056,2026-04-15 16:48:00+00:00,door_close,Florenceville Plant
DR-SHP-0056-UD,T-012,SHP-0056,2026-04-16 00:56:00+00:00,door_open,DC-CCH-01 receiving
DR-SHP-0057-LD,T-006,SHP-0057,2026-04-16 16:54:00+00:00,door_open,Florenceville Plant
DR-SHP-0057-LC,T-006,SHP-0057,2026-04-16 17:09:00+00:00,door_close,Florenceville Plant
DR-SHP-0057-UD,T-006,SHP-0057,2026-04-17 19:17:00+00:00,door_open,DC-LOB-01 receiving
DR-SHP-0058-LD,T-010,SHP-0058,2026-04-13 06:55:00+00:00,door_open,Florenceville Plant
DR-SHP-0058-LC,T-010,SHP-0058,2026-04-13 07:10:00+00:00,door_close,Florenceville Plant
DR-SHP-0058-UD,T-010,SHP-0058,2026-04-13 19:18:00+00:00,door_open,DC-LOB-01 receiving
DR-SHP-0059-LD,T-014,SHP-0059,2026-04-15 12:48:00+00:00,door_open,Florenceville Plant
DR-SHP-0059-LC,T-014,SHP-0059,2026-04-15 13:03:00+00:00,door_close,Florenceville Plant
DR-SHP-0059-UD,T-014,SHP-0059,2026-04-16 10:11:00+00:00,door_open,DC-MET-01 receiving
DR-SHP-0060-LD,T-011,SHP-0060,2026-04-17 23:24:00+00:00,door_open,Florenceville Plant
DR-SHP-0060-LC,T-011,SHP-0060,2026-04-17 23:39:00+00:00,door_close,Florenceville Plant
DR-SHP-0060-UD,T-011,SHP-0060,2026-04-18 13:47:00+00:00,door_open,DC-WMT-01 receiving
DR-SHP-0061-LD,T-009,SHP-0061,2026-04-14 16:59:00+00:00,door_open,Florenceville Plant
DR-SHP-0061-LC,T-009,SHP-0061,2026-04-14 17:14:00+00:00,door_close,Florenceville Plant
DR-SHP-0061-UD,T-009,SHP-0061,2026-04-15 02:22:00+00:00,door_open,DC-SOB-01 receiving
DR-SHP-0062-LD,T-001,SHP-0062,2026-04-17 00:05:00+00:00,door_open,Florenceville Plant
DR-SHP-0062-LC,T-001,SHP-0062,2026-04-17 00:20:00+00:00,door_close,Florenceville Plant
DR-SHP-0062-UD,T-001,SHP-0062,2026-04-18 12:28:00+00:00,door_open,DC-CST-01 receiving
DR-SHP-0063-LD,T-004,SHP-0063,2026-04-14 02:24:00+00:00,door_open,Florenceville Plant
DR-SHP-0063-LC,T-004,SHP-0063,2026-04-14 02:39:00+00:00,door_close,Florenceville Plant
DR-SHP-0063-UD,T-004,SHP-0063,2026-04-15 08:47:00+00:00,door_open,DC-WMT-01 receiving
DR-SHP-0064-LD,T-011,SHP-0064,2026-04-13 10:02:00+00:00,door_open,Florenceville Plant
DR-SHP-0064-LC,T-011,SHP-0064,2026-04-13 10:17:00+00:00,door_close,Florenceville Plant
DR-SHP-0064-UD,T-011,SHP-0064,2026-04-14 09:25:00+00:00,door_open,DC-SOB-01 receiving
DR-SHP-0065-LD,T-005,SHP-0065,2026-04-13 17:12:00+00:00,door_open,Florenceville Plant
DR-SHP-0065-LC,T-005,SHP-0065,2026-04-13 17:27:00+00:00,door_close,Florenceville Plant
DR-SHP-0065-UD,T-005,SHP-0065,2026-04-14 19:35:00+00:00,door_open,DC-SVN-01 receiving
DR-SHP-0066-LD,T-004,SHP-0066,2026-04-18 04:46:00+00:00,door_open,Florenceville Plant
DR-SHP-0066-LC,T-004,SHP-0066,2026-04-18 05:01:00+00:00,door_close,Florenceville Plant
DR-SHP-0066-UD,T-004,SHP-0066,2026-04-19 00:09:00+00:00,door_open,DC-CCH-01 receiving
DR-SHP-0067-LD,T-014,SHP-0067,2026-04-14 15:07:00+00:00,door_open,Florenceville Plant
DR-SHP-0067-LC,T-014,SHP-0067,2026-04-14 15:22:00+00:00,door_close,Florenceville Plant
DR-SHP-0067-UD,T-014,SHP-0067,2026-04-15 02:30:00+00:00,door_open,DC-WHL-01 receiving
DR-SHP-0068-LD,T-006,SHP-0068,2026-04-18 03:09:00+00:00,door_open,Florenceville Plant
DR-SHP-0068-LC,T-006,SHP-0068,2026-04-18 03:24:00+00:00,door_close,Florenceville Plant
DR-SHP-0068-UD,T-006,SHP-0068,2026-04-18 22:32:00+00:00,door_open,DC-CST-01 receiving
DR-SHP-0069-LD,T-015,SHP-0069,2026-04-13 21:57:00+00:00,door_open,Florenceville Plant
DR-SHP-0069-LC,T-015,SHP-0069,2026-04-13 22:12:00+00:00,door_close,Florenceville Plant
DR-SHP-0069-UD,T-015,SHP-0069,2026-04-15 08:20:00+00:00,door_open,DC-WMT-01 receiving
DR-SHP-0070-LD,T-008,SHP-0070,2026-04-17 01:01:00+00:00,door_open,Florenceville Plant
DR-SHP-0070-LC,T-008,SHP-0070,2026-04-17 01:16:00+00:00,door_close,Florenceville Plant
DR-SHP-0070-UD,T-008,SHP-0070,2026-04-17 07:24:00+00:00,door_open,DC-WHL-01 receiving
DR-SHP-0071-LD,T-006,SHP-0071,2026-04-18 03:53:00+00:00,door_open,Florenceville Plant
DR-SHP-0071-LC,T-006,SHP-0071,2026-04-18 04:08:00+00:00,door_close,Florenceville Plant
DR-SHP-0071-UD,T-006,SHP-0071,2026-04-18 21:16:00+00:00,door_open,DC-MET-01 receiving
DR-SHP-0072-LD,T-008,SHP-0072,2026-04-15 22:15:00+00:00,door_open,Florenceville Plant
DR-SHP-0072-LC,T-008,SHP-0072,2026-04-15 22:30:00+00:00,door_close,Florenceville Plant
DR-SHP-0072-UD,T-008,SHP-0072,2026-04-16 04:38:00+00:00,door_open,DC-CST-01 receiving
DR-SHP-0073-LD,T-014,SHP-0073,2026-04-15 13:26:00+00:00,door_open,Florenceville Plant
DR-SHP-0073-LC,T-014,SHP-0073,2026-04-15 13:41:00+00:00,door_close,Florenceville Plant
DR-SHP-0073-UD,T-014,SHP-0073,2026-04-16 08:49:00+00:00,door_open,DC-SOB-01 receiving
DR-SHP-0074-LD,T-015,SHP-0074,2026-04-18 01:21:00+00:00,door_open,Florenceville Plant
DR-SHP-0074-LC,T-015,SHP-0074,2026-04-18 01:36:00+00:00,door_close,Florenceville Plant
DR-SHP-0074-UD,T-015,SHP-0074,2026-04-19 05:44:00+00:00,door_open,DC-WMT-01 receiving
DR-SHP-0075-LD,T-005,SHP-0075,2026-04-13 22:58:00+00:00,door_open,Florenceville Plant
DR-SHP-0075-LC,T-005,SHP-0075,2026-04-13 23:13:00+00:00,door_close,Florenceville Plant
DR-SHP-0075-UD,T-005,SHP-0075,2026-04-14 12:21:00+00:00,door_open,DC-LOB-01 receiving
DR-SHP-0076-LD,T-001,SHP-0076,2026-04-16 06:22:00+00:00,door_open,Florenceville Plant
DR-SHP-0076-LC,T-001,SHP-0076,2026-04-16 06:37:00+00:00,door_close,Florenceville Plant
DR-SHP-0076-UD,T-001,SHP-0076,2026-04-17 06:45:00+00:00,door_open,DC-WMT-01 receiving
DR-SHP-0077-LD,T-011,SHP-0077,2026-04-17 12:27:00+00:00,door_open,Florenceville Plant
DR-SHP-0077-LC,T-011,SHP-0077,2026-04-17 12:42:00+00:00,door_close,Florenceville Plant
DR-SHP-0077-UD,T-011,SHP-0077,2026-04-18 11:50:00+00:00,door_open,DC-SVN-01 receiving
DR-SHP-0078-LD,T-001,SHP-0078,2026-04-15 20:59:00+00:00,door_open,Florenceville Plant
DR-SHP-0078-LC,T-001,SHP-0078,2026-04-15 21:14:00+00:00,door_close,Florenceville Plant
DR-SHP-0078-UD,T-001,SHP-0078,2026-04-16 11:22:00+00:00,door_open,DC-WHL-01 receiving
DR-SHP-0079-LD,T-008,SHP-0079,2026-04-16 07:47:00+00:00,door_open,Florenceville Plant
DR-SHP-0079-LC,T-008,SHP-0079,2026-04-16 08:02:00+00:00,door_close,Florenceville Plant
DR-SHP-0079-UD,T-008,SHP-0079,2026-04-17 13:10:00+00:00,door_open,DC-WMT-01 receiving
DR-SHP-0080-LD,T-004,SHP-0080,2026-04-15 00:53:00+00:00,door_open,Florenceville Plant
DR-SHP-0080-LC,T-004,SHP-0080,2026-04-15 01:08:00+00:00,door_close,Florenceville Plant
DR-SHP-0080-UD,T-004,SHP-0080,2026-04-16 06:16:00+00:00,door_open,DC-MET-01 receiving
DR-SHP-0081-LD,T-005,SHP-0081,2026-04-14 01:33:00+00:00,door_open,Florenceville Plant
DR-SHP-0081-LC,T-005,SHP-0081,2026-04-14 01:48:00+00:00,door_close,Florenceville Plant
DR-SHP-0081-UD,T-005,SHP-0081,2026-04-14 13:56:00+00:00,door_open,DC-CST-01 receiving
DR-SHP-0082-LD,T-007,SHP-0082,2026-04-14 20:59:00+00:00,door_open,Florenceville Plant
DR-SHP-0082-LC,T-007,SHP-0082,2026-04-14 21:14:00+00:00,door_close,Florenceville Plant
DR-SHP-0082-UD,T-007,SHP-0082,2026-04-15 03:22:00+00:00,door_open,DC-SVN-01 receiving
DR-SHP-0083-LD,T-002,SHP-0083,2026-04-13 13:15:00+00:00,door_open,Florenceville Plant
DR-SHP-0083-LC,T-002,SHP-0083,2026-04-13 13:30:00+00:00,door_close,Florenceville Plant
DR-SHP-0083-UD,T-002,SHP-0083,2026-04-14 04:38:00+00:00,door_open,DC-LOB-01 receiving
DR-SHP-0084-LD,T-005,SHP-0084,2026-04-14 02:35:00+00:00,door_open,Florenceville Plant
DR-SHP-0084-LC,T-005,SHP-0084,2026-04-14 02:50:00+00:00,door_close,Florenceville Plant
DR-SHP-0084-UD,T-005,SHP-0084,2026-04-14 08:58:00+00:00,door_open,DC-WHL-01 receiving
DR-SHP-0085-LD,T-015,SHP-0085,2026-04-18 02:08:00+00:00,door_open,Florenceville Plant
DR-SHP-0085-LC,T-015,SHP-0085,2026-04-18 02:23:00+00:00,door_close,Florenceville Plant
DR-SHP-0085-UD,T-015,SHP-0085,2026-04-18 18:31:00+00:00,door_open,DC-WHL-01 receiving
DR-SHP-0086-LD,T-010,SHP-0086,2026-04-18 01:47:00+00:00,door_open,Florenceville Plant
DR-SHP-0086-LC,T-010,SHP-0086,2026-04-18 02:02:00+00:00,door_close,Florenceville Plant
DR-SHP-0086-UD,T-010,SHP-0086,2026-04-19 10:10:00+00:00,door_open,DC-CST-01 receiving
DR-SHP-0087-LD,T-002,SHP-0087,2026-04-13 18:16:00+00:00,door_open,Florenceville Plant
DR-SHP-0087-LC,T-002,SHP-0087,2026-04-13 18:31:00+00:00,door_close,Florenceville Plant
DR-SHP-0087-UD,T-002,SHP-0087,2026-04-14 20:39:00+00:00,door_open,DC-WHL-01 receiving
DR-SHP-0088-LD,T-005,SHP-0088,2026-04-16 04:45:00+00:00,door_open,Florenceville Plant
DR-SHP-0088-LC,T-005,SHP-0088,2026-04-16 05:00:00+00:00,door_close,Florenceville Plant
DR-SHP-0088-UD,T-005,SHP-0088,2026-04-16 18:08:00+00:00,door_open,DC-MET-01 receiving
DR-SHP-0089-LD,T-004,SHP-0089,2026-04-15 09:29:00+00:00,door_open,Florenceville Plant
DR-SHP-0089-LC,T-004,SHP-0089,2026-04-15 09:44:00+00:00,door_close,Florenceville Plant
DR-SHP-0089-UD,T-004,SHP-0089,2026-04-16 07:52:00+00:00,door_open,DC-CCH-01 receiving
DR-SHP-0090-LD,T-003,SHP-0090,2026-04-16 04:35:00+00:00,door_open,Florenceville Plant
DR-SHP-0090-LC,T-003,SHP-0090,2026-04-16 04:50:00+00:00,door_close,Florenceville Plant
DR-SHP-0090-UD,T-003,SHP-0090,2026-04-17 04:58:00+00:00,door_open,DC-WHL-01 receiving
DR-SHP-0091-LD,T-005,SHP-0091,2026-04-14 01:28:00+00:00,door_open,Florenceville Plant
DR-SHP-0091-LC,T-005,SHP-0091,2026-04-14 01:43:00+00:00,door_close,Florenceville Plant
DR-SHP-0091-UD,T-005,SHP-0091,2026-04-14 13:51:00+00:00,door_open,DC-LOB-01 receiving
DR-SHP-0092-LD,T-002,SHP-0092,2026-04-13 19:50:00+00:00,door_open,Florenceville Plant
DR-SHP-0092-LC,T-002,SHP-0092,2026-04-13 20:05:00+00:00,door_close,Florenceville Plant
DR-SHP-0092-UD,T-002,SHP-0092,2026-04-14 09:13:00+00:00,door_open,DC-CST-01 receiving
DR-SHP-0093-LD,T-003,SHP-0093,2026-04-14 15:40:00+00:00,door_open,Florenceville Plant
DR-SHP-0093-LC,T-003,SHP-0093,2026-04-14 15:55:00+00:00,door_close,Florenceville Plant
DR-SHP-0093-UD,T-003,SHP-0093,2026-04-15 11:03:00+00:00,door_open,DC-SOB-01 receiving
DR-SHP-0094-LD,T-014,SHP-0094,2026-04-16 01:42:00+00:00,door_open,Florenceville Plant
DR-SHP-0094-LC,T-014,SHP-0094,2026-04-16 01:57:00+00:00,door_close,Florenceville Plant
DR-SHP-0094-UD,T-014,SHP-0094,2026-04-16 15:05:00+00:00,door_open,DC-WHL-01 receiving
DR-SHP-0095-LD,T-011,SHP-0095,2026-04-17 19:44:00+00:00,door_open,Florenceville Plant
DR-SHP-0095-LC,T-011,SHP-0095,2026-04-17 19:59:00+00:00,door_close,Florenceville Plant
DR-SHP-0095-UD,T-011,SHP-0095,2026-04-18 23:07:00+00:00,door_open,DC-CST-01 receiving
DR-SHP-0096-LD,T-002,SHP-0096,2026-04-17 11:47:00+00:00,door_open,Florenceville Plant
DR-SHP-0096-LC,T-002,SHP-0096,2026-04-17 12:02:00+00:00,door_close,Florenceville Plant
DR-SHP-0096-UD,T-002,SHP-0096,2026-04-18 11:10:00+00:00,door_open,DC-WMT-01 receiving
DR-SHP-0097-LD,T-007,SHP-0097,2026-04-15 20:32:00+00:00,door_open,Florenceville Plant
DR-SHP-0097-LC,T-007,SHP-0097,2026-04-15 20:47:00+00:00,door_close,Florenceville Plant
DR-SHP-0097-UD,T-007,SHP-0097,2026-04-16 06:55:00+00:00,door_open,DC-MET-01 receiving
DR-SHP-0098-LD,T-009,SHP-0098,2026-04-16 06:18:00+00:00,door_open,Florenceville Plant
DR-SHP-0098-LC,T-009,SHP-0098,2026-04-16 06:33:00+00:00,door_close,Florenceville Plant
DR-SHP-0098-UD,T-009,SHP-0098,2026-04-17 11:41:00+00:00,door_open,DC-MET-01 receiving
DR-SHP-0099-LD,T-006,SHP-0099,2026-04-14 07:09:00+00:00,door_open,Florenceville Plant
DR-SHP-0099-LC,T-006,SHP-0099,2026-04-14 07:24:00+00:00,door_close,Florenceville Plant
DR-SHP-0099-UD,T-006,SHP-0099,2026-04-15 11:32:00+00:00,door_open,DC-WHL-01 receiving
DR-SHP-0100-LD,T-001,SHP-0100,2026-04-15 21:12:00+00:00,door_open,Florenceville Plant
DR-SHP-0100-LC,T-001,SHP-0100,2026-04-15 21:27:00+00:00,door_close,Florenceville Plant
DR-SHP-0100-UD,T-001,SHP-0100,2026-04-16 20:35:00+00:00,door_open,DC-CCH-01 receiving
DR-SHP-0101-LD,T-005,SHP-0101,2026-04-13 10:36:00+00:00,door_open,Florenceville Plant
DR-SHP-0101-LC,T-005,SHP-0101,2026-04-13 10:51:00+00:00,door_close,Florenceville Plant
DR-SHP-0101-UD,T-005,SHP-0101,2026-04-14 05:59:00+00:00,door_open,DC-SOB-01 receiving
DR-SHP-0102-LD,T-001,SHP-0102,2026-04-13 05:45:00+00:00,door_open,Florenceville Plant
DR-SHP-0102-LC,T-001,SHP-0102,2026-04-13 06:00:00+00:00,door_close,Florenceville Plant
DR-SHP-0102-UD,T-001,SHP-0102,2026-04-13 19:08:00+00:00,door_open,DC-CST-01 receiving
DR-SHP-0103-LD,T-002,SHP-0103,2026-04-15 20:16:00+00:00,door_open,Florenceville Plant
DR-SHP-0103-LC,T-002,SHP-0103,2026-04-15 20:31:00+00:00,door_close,Florenceville Plant
DR-SHP-0103-UD,T-002,SHP-0103,2026-04-16 03:39:00+00:00,door_open,DC-LOB-01 receiving
DR-SHP-0104-LD,T-004,SHP-0104,2026-04-15 22:51:00+00:00,door_open,Florenceville Plant
DR-SHP-0104-LC,T-004,SHP-0104,2026-04-15 23:06:00+00:00,door_close,Florenceville Plant
DR-SHP-0104-UD,T-004,SHP-0104,2026-04-16 23:14:00+00:00,door_open,DC-WHL-01 receiving
DR-SHP-0105-LD,T-012,SHP-0105,2026-04-13 23:10:00+00:00,door_open,Florenceville Plant
DR-SHP-0105-LC,T-012,SHP-0105,2026-04-13 23:25:00+00:00,door_close,Florenceville Plant
DR-SHP-0105-UD,T-012,SHP-0105,2026-04-14 16:33:00+00:00,door_open,DC-WHL-01 receiving
DR-SHP-0106-LD,T-010,SHP-0106,2026-04-14 02:34:00+00:00,door_open,Florenceville Plant
DR-SHP-0106-LC,T-010,SHP-0106,2026-04-14 02:49:00+00:00,door_close,Florenceville Plant
DR-SHP-0106-UD,T-010,SHP-0106,2026-04-14 13:57:00+00:00,door_open,DC-SVN-01 receiving
DR-SHP-0107-LD,T-009,SHP-0107,2026-04-16 01:22:00+00:00,door_open,Florenceville Plant
DR-SHP-0107-LC,T-009,SHP-0107,2026-04-16 01:37:00+00:00,door_close,Florenceville Plant
DR-SHP-0107-UD,T-009,SHP-0107,2026-04-17 13:45:00+00:00,door_open,DC-WHL-01 receiving
DR-SHP-0108-LD,T-015,SHP-0108,2026-04-17 19:45:00+00:00,door_open,Florenceville Plant
DR-SHP-0108-LC,T-015,SHP-0108,2026-04-17 20:00:00+00:00,door_close,Florenceville Plant
DR-SHP-0108-UD,T-015,SHP-0108,2026-04-18 12:08:00+00:00,door_open,DC-LOB-01 receiving
DR-SHP-0109-LD,T-013,SHP-0109,2026-04-17 07:35:00+00:00,door_open,Florenceville Plant
DR-SHP-0109-LC,T-013,SHP-0109,2026-04-17 07:50:00+00:00,door_close,Florenceville Plant
DR-SHP-0109-UD,T-013,SHP-0109,2026-04-18 05:58:00+00:00,door_open,DC-SOB-01 receiving
DR-SHP-0110-LD,T-010,SHP-0110,2026-04-17 08:43:00+00:00,door_open,Florenceville Plant
DR-SHP-0110-LC,T-010,SHP-0110,2026-04-17 08:58:00+00:00,door_close,Florenceville Plant
DR-SHP-0110-UD,T-010,SHP-0110,2026-04-17 21:06:00+00:00,door_open,DC-WHL-01 receiving
DR-SHP-0111-LD,T-013,SHP-0111,2026-04-17 17:28:00+00:00,door_open,Florenceville Plant
DR-SHP-0111-LC,T-013,SHP-0111,2026-04-17 17:43:00+00:00,door_close,Florenceville Plant
DR-SHP-0111-UD,T-013,SHP-0111,2026-04-18 00:51:00+00:00,door_open,DC-WHL-01 receiving
DR-SHP-0112-LD,T-002,SHP-0112,2026-04-16 01:08:00+00:00,door_open,Florenceville Plant
DR-SHP-0112-LC,T-002,SHP-0112,2026-04-16 01:23:00+00:00,door_close,Florenceville Plant
DR-SHP-0112-UD,T-002,SHP-0112,2026-04-17 11:31:00+00:00,door_open,DC-MET-01 receiving
DR-SHP-0113-LD,T-009,SHP-0113,2026-04-15 13:25:00+00:00,door_open,Florenceville Plant
DR-SHP-0113-LC,T-009,SHP-0113,2026-04-15 13:40:00+00:00,door_close,Florenceville Plant
DR-SHP-0113-UD,T-009,SHP-0113,2026-04-16 00:48:00+00:00,door_open,DC-LOB-01 receiving
DR-SHP-0114-LD,T-015,SHP-0114,2026-04-17 07:45:00+00:00,door_open,Florenceville Plant
DR-SHP-0114-LC,T-015,SHP-0114,2026-04-17 08:00:00+00:00,door_close,Florenceville Plant
DR-SHP-0114-UD,T-015,SHP-0114,2026-04-17 21:08:00+00:00,door_open,DC-LOB-01 receiving
DR-SHP-0115-LD,T-001,SHP-0115,2026-04-14 15:11:00+00:00,door_open,Florenceville Plant
DR-SHP-0115-LC,T-001,SHP-0115,2026-04-14 15:26:00+00:00,door_close,Florenceville Plant
DR-SHP-0115-UD,T-001,SHP-0115,2026-04-16 02:34:00+00:00,door_open,DC-SOB-01 receiving
DR-SHP-0116-LD,T-011,SHP-0116,2026-04-17 10:33:00+00:00,door_open,Florenceville Plant
DR-SHP-0116-LC,T-011,SHP-0116,2026-04-17 10:48:00+00:00,door_close,Florenceville Plant
DR-SHP-0116-UD,T-011,SHP-0116,2026-04-18 07:56:00+00:00,door_open,DC-CST-01 receiving
DR-SHP-0117-LD,T-011,SHP-0117,2026-04-14 13:04:00+00:00,door_open,Florenceville Plant
DR-SHP-0117-LC,T-011,SHP-0117,2026-04-14 13:19:00+00:00,door_close,Florenceville Plant
DR-SHP-0117-UD,T-011,SHP-0117,2026-04-15 01:27:00+00:00,door_open,DC-WHL-01 receiving
DR-SHP-0118-LD,T-012,SHP-0118,2026-04-13 16:57:00+00:00,door_open,Florenceville Plant
DR-SHP-0118-LC,T-012,SHP-0118,2026-04-13 17:12:00+00:00,door_close,Florenceville Plant
DR-SHP-0118-UD,T-012,SHP-0118,2026-04-14 23:20:00+00:00,door_open,DC-MET-01 receiving
DR-SHP-0119-LD,T-001,SHP-0119,2026-04-12 23:58:00+00:00,door_open,Florenceville Plant
DR-SHP-0119-LC,T-001,SHP-0119,2026-04-13 00:13:00+00:00,door_close,Florenceville Plant
DR-SHP-0119-UD,T-001,SHP-0119,2026-04-14 05:21:00+00:00,door_open,DC-CST-01 receiving
DR-SHP-0120-LD,T-012,SHP-0120,2026-04-14 14:08:00+00:00,door_open,Florenceville Plant
DR-SHP-0120-LC,T-012,SHP-0120,2026-04-14 14:23:00+00:00,door_close,Florenceville Plant
DR-SHP-0120-UD,T-012,SHP-0120,2026-04-15 13:31:00+00:00,door_open,DC-WHL-01 receiving
