shipment_id,trailer_id,carrier_id,sku,origin_plant,dest_dc_id,pallets,ship_ts,arrival_ts,required_temp_c,scenario_seed
SHP-0001,T-007,CAR-01,MC-APP-1013,"Florenceville-Bristol, NB",DC-CST-01,10,2026-04-14 09:59:00+00:00,2026-04-15 02:59:00+00:00,-18.0,reefer_fail
SHP-0002,T-014,CAR-01,MC-HBR-1015,"Florenceville-Bristol, NB",DC-SVN-01,25,2026-04-16 00:10:00+00:00,2026-04-16 20:10:00+00:00,-18.0,door_open
SHP-0003,T-001,CAR-04,MC-HBR-1045,"Florenceville-Bristol, NB",DC-CST-01,25,2026-04-18 15:00:00+00:00,2026-04-19 18:00:00+00:00,-18.0,door_open
SHP-0004,T-015,CAR-05,MC-HBR-1019,"Florenceville-Bristol, NB",DC-SOB-01,11,2026-04-14 10:16:00+00:00,2026-04-14 19:16:00+00:00,-18.0,door_open
SHP-0005,T-012,CAR-03,MC-PZA-1047,"Florenceville-Bristol, NB",DC-MET-01,14,2026-04-15 21:18:00+00:00,2026-04-16 22:18:00+00:00,-18.0,heat_spike
SHP-0006,T-003,CAR-03,MC-HBR-1045,"Florenceville-Bristol, NB",DC-SVN-01,16,2026-04-15 04:43:00+00:00,2026-04-16 06:43:00+00:00,-18.0,normal
SHP-0007,T-010,CAR-01,MC-FRY-1032,"Florenceville-Bristol, NB",DC-WHL-01,9,2026-04-15 16:57:00+00:00,2026-04-17 03:57:00+00:00,-18.0,normal
SHP-0008,T-007,CAR-01,MC-FRY-1005,"Florenceville-Bristol, NB",DC-CCH-01,18,2026-04-15 22:02:00+00:00,2026-04-16 04:02:00+00:00,-18.0,reefer_fail
SHP-0009,T-002,CAR-04,MC-HBR-1049,"Florenceville-Bristol, NB",DC-MET-01,22,2026-04-15 19:10:00+00:00,2026-04-17 00:10:00+00:00,-18.0,normal
SHP-0010,T-011,CAR-05,MC-DES-1035,"Florenceville-Bristol, NB",DC-CCH-01,12,2026-04-13 02:07:00+00:00,2026-04-13 10:07:00+00:00,-20.0,normal
SHP-0011,T-005,CAR-01,MC-APP-1034,"Florenceville-Bristol, NB",DC-LOB-01,12,2026-04-16 22:37:00+00:00,2026-04-17 21:37:00+00:00,-18.0,normal
SHP-0012,T-002,CAR-04,MC-APP-1027,"Florenceville-Bristol, NB",DC-MET-01,9,2026-04-13 10:19:00+00:00,2026-04-14 03:19:00+00:00,-18.0,normal
SHP-0013,T-013,CAR-02,MC-FRY-1022,"Florenceville-Bristol, NB",DC-WMT-01,19,2026-04-15 15:42:00+00:00,2026-04-16 00:42:00+00:00,-18.0,normal
SHP-0014,T-001,CAR-04,MC-HBR-1049,"Florenceville-Bristol, NB",DC-CCH-01,15,2026-04-14 15:59:00+00:00,2026-04-16 02:59:00+00:00,-18.0,normal
SHP-0015,T-009,CAR-05,MC-DES-1010,"Florenceville-Bristol, NB",DC-MET-01,18,2026-04-17 09:01:00+00:00,2026-04-17 20:01:00+00:00,-20.0,normal
SHP-0016,T-007,CAR-01,MC-FRY-1026,"Florenceville-Bristol, NB",DC-WMT-01,11,2026-04-15 20:10:00+00:00,2026-04-17 03:10:00+00:00,-18.0,reefer_fail
SHP-0017,T-002,CAR-04,MC-DES-1024,"Florenceville-Bristol, NB",DC-LOB-01,22,2026-04-18 00:14:00+00:00,2026-04-18 12:14:00+00:00,-20.0,normal
SHP-0018,T-003,CAR-03,MC-FRY-1022,"Florenceville-Bristol, NB",DC-CST-01,14,2026-04-15 10:14:00+00:00,2026-04-15 16:14:00+00:00,-18.0,normal
SHP-0019,T-001,CAR-04,MC-FRY-1025,"Florenceville-Bristol, NB",DC-SVN-01,16,2026-04-15 23:55:00+00:00,2026-04-16 07:55:00+00:00,-18.0,normal
SHP-0020,T-013,CAR-02,MC-FRY-1022,"Florenceville-Bristol, NB",DC-CCH-01,16,2026-04-16 12:01:00+00:00,2026-04-16 21:01:00+00:00,-18.0,normal
SHP-0021,T-009,CAR-05,MC-APP-1011,"Florenceville-Bristol, NB",DC-CST-01,21,2026-04-13 09:06:00+00:00,2026-04-14 10:06:00+00:00,-18.0,normal
SHP-0022,T-004,CAR-05,MC-FRY-1022,"Florenceville-Bristol, NB",DC-SVN-01,11,2026-04-17 15:38:00+00:00,2026-04-18 13:38:00+00:00,-18.0,normal
SHP-0023,T-010,CAR-01,MC-DES-1024,"Florenceville-Bristol, NB",DC-WMT-01,21,2026-04-15 17:02:00+00:00,2026-04-16 21:02:00+00:00,-20.0,normal
SHP-0024,T-013,CAR-02,MC-FRY-1000,"Florenceville-Bristol, NB",DC-WMT-01,18,2026-04-16 21:27:00+00:00,2026-04-17 05:27:00+00:00,-18.0,normal
SHP-0025,T-007,CAR-01,MC-FRY-1039,"Florenceville-Bristol, NB",DC-SVN-01,17,2026-04-14 07:46:00+00:00,2026-04-15 17:46:00+00:00,-18.0,reefer_fail
SHP-0026,T-009,CAR-05,MC-FRY-1032,"Florenceville-Bristol, NB",DC-CST-01,30,2026-04-17 08:20:00+00:00,2026-04-18 02:20:00+00:00,-18.0,normal
SHP-0027,T-006,CAR-05,MC-HBR-1018,"Florenceville-Bristol, NB",DC-MET-01,20,2026-04-15 01:26:00+00:00,2026-04-16 04:26:00+00:00,-18.0,normal
SHP-0028,T-011,CAR-05,MC-PZA-1043,"Florenceville-Bristol, NB",DC-MET-01,8,2026-04-16 05:25:00+00:00,2026-04-17 04:25:00+00:00,-18.0,normal
SHP-0029,T-004,CAR-05,MC-HBR-1019,"Florenceville-Bristol, NB",DC-CST-01,26,2026-04-15 05:27:00+00:00,2026-04-16 12:27:00+00:00,-18.0,normal
SHP-0030,T-013,CAR-02,MC-DES-1038,"Florenceville-Bristol, NB",DC-SVN-01,14,2026-04-17 23:28:00+00:00,2026-04-18 19:28:00+00:00,-20.0,normal
SHP-0031,T-015,CAR-05,MC-FRY-1032,"Florenceville-Bristol, NB",DC-WHL-01,17,2026-04-14 19:42:00+00:00,2026-04-15 03:42:00+00:00,-18.0,normal
SHP-0032,T-012,CAR-03,MC-FRY-1032,"Florenceville-Bristol, NB",DC-SVN-01,15,2026-04-13 23:52:00+00:00,2026-04-15 11:52:00+00:00,-18.0,normal
SHP-0033,T-006,CAR-05,MC-PZA-1043,"Florenceville-Bristol, NB",DC-CST-01,12,2026-04-15 09:51:00+00:00,2026-04-15 21:51:00+00:00,-18.0,normal
SHP-0034,T-013,CAR-02,MC-HBR-1001,"Florenceville-Bristol, NB",DC-LOB-01,10,2026-04-15 14:30:00+00:00,2026-04-16 15:30:00+00:00,-18.0,normal
SHP-0035,T-008,CAR-01,MC-APP-1029,"Florenceville-Bristol, NB",DC-CCH-01,20,2026-04-15 01:45:00+00:00,2026-04-16 05:45:00+00:00,-18.0,normal
SHP-0036,T-012,CAR-03,MC-APP-1031,"Florenceville-Bristol, NB",DC-CCH-01,8,2026-04-15 14:09:00+00:00,2026-04-16 16:09:00+00:00,-18.0,normal
SHP-0037,T-014,CAR-01,MC-FRY-1048,"Florenceville-Bristol, NB",DC-SOB-01,24,2026-04-17 12:14:00+00:00,2026-04-17 23:14:00+00:00,-18.0,normal
SHP-0038,T-012,CAR-03,MC-APP-1029,"Florenceville-Bristol, NB",DC-LOB-01,11,2026-04-15 15:58:00+00:00,2026-04-17 00:58:00+00:00,-18.0,normal
SHP-0039,T-008,CAR-01,MC-APP-1029,"Florenceville-Bristol, NB",DC-MET-01,25,2026-04-17 22:42:00+00:00,2026-04-18 20:42:00+00:00,-18.0,normal
SHP-0040,T-010,CAR-01,MC-DES-1038,"Florenceville-Bristol, NB",DC-SVN-01,24,2026-04-17 17:39:00+00:00,2026-04-19 01:39:00+00:00,-20.0,normal
SHP-0041,T-012,CAR-03,MC-APP-1027,"Florenceville-Bristol, NB",DC-WHL-01,23,2026-04-14 16:47:00+00:00,2026-04-16 01:47:00+00:00,-18.0,normal
SHP-0042,T-014,CAR-01,MC-APP-1028,"Florenceville-Bristol, NB",DC-CST-01,16,2026-04-15 15:53:00+00:00,2026-04-16 17:53:00+00:00,-18.0,normal
SHP-0043,T-001,CAR-04,MC-HBR-1049,"Florenceville-Bristol, NB",DC-WHL-01,10,2026-04-15 13:17:00+00:00,2026-04-16 09:17:00+00:00,-18.0,normal
SHP-0044,T-003,CAR-03,MC-HBR-1045,"Florenceville-Bristol, NB",DC-CST-01,18,2026-04-15 12:17:00+00:00,2026-04-16 04:17:00+00:00,-18.0,normal
SHP-0045,T-001,CAR-04,MC-APP-1034,"Florenceville-Bristol, NB",DC-SOB-01,20,2026-04-14 11:09:00+00:00,2026-04-15 00:09:00+00:00,-18.0,normal
SHP-0046,T-005,CAR-01,MC-FRY-1044,"Florenceville-Bristol, NB",DC-MET-01,21,2026-04-15 06:04:00+00:00,2026-04-16 01:04:00+00:00,-18.0,normal
SHP-0047,T-010,CAR-01,MC-HBR-1021,"Florenceville-Bristol, NB",DC-WHL-01,21,2026-04-17 10:03:00+00:00,2026-04-17 22:03:00+00:00,-18.0,normal
SHP-0048,T-014,CAR-01,MC-DES-1024,"Florenceville-Bristol, NB",DC-LOB-01,19,2026-04-17 01:30:00+00:00,2026-04-17 07:30:00+00:00,-20.0,normal
SHP-0049,T-004,CAR-05,MC-HBR-1019,"Florenceville-Bristol, NB",DC-CCH-01,25,2026-04-17 11:34:00+00:00,2026-04-18 16:34:00+00:00,-18.0,normal
SHP-0050,T-005,CAR-01,MC-DES-1038,"Florenceville-Bristol, NB",DC-WMT-01,21,2026-04-18 04:14:00+00:00,2026-04-18 18:14:00+00:00,-20.0,normal
SHP-0051,T-013,CAR-02,MC-APP-1031,"Florenceville-Bristol, NB",DC-LOB-01,20,2026-04-17 03:21:00+00:00,2026-04-18 06:21:00+00:00,-18.0,normal
SHP-0052,T-002,CAR-04,MC-PZA-1046,"Florenceville-Bristol, NB",DC-MET-01,8,2026-04-17 23:58:00+00:00,2026-04-18 09:58:00+00:00,-18.0,normal
SHP-0053,T-014,CAR-01,MC-FRY-1025,"Florenceville-Bristol, NB",DC-LOB-01,12,2026-04-13 21:41:00+00:00,2026-04-14 16:41:00+00:00,-18.0,normal
SHP-0054,T-005,CAR-01,MC-APP-1029,"Florenceville-Bristol, NB",DC-MET-01,18,2026-04-13 12:16:00+00:00,2026-04-14 06:16:00+00:00,-18.0,normal
SHP-0055,T-006,CAR-05,MC-APP-1013,"Florenceville-Bristol, NB",DC-WHL-01,20,2026-04-16 11:21:00+00:00,2026-04-17 17:21:00+00:00,-18.0,normal
SHP-0056,T-012,CAR-03,MC-PZA-1017,"Florenceville-Bristol, NB",DC-CCH-01,23,2026-04-15 16:53:00+00:00,2026-04-16 00:53:00+00:00,-18.0,normal
SHP-0057,T-006,CAR-05,MC-HBR-1001,"Florenceville-Bristol, NB",DC-LOB-01,10,2026-04-16 17:14:00+00:00,2026-04-17 19:14:00+00:00,-18.0,normal
SHP-0058,T-010,CAR-01,MC-HBR-1049,"Florenceville-Bristol, NB",DC-LOB-01,8,2026-04-13 07:15:00+00:00,2026-04-13 19:15:00+00:00,-18.0,normal
SHP-0059,T-014,CAR-01,MC-FRY-1039,"Florenceville-Bristol, NB",DC-MET-01,11,2026-04-15 13:08:00+00:00,2026-04-16 10:08:00+00:00,-18.0,normal
SHP-0060,T-011,CAR-05,MC-PZA-1036,"Florenceville-Bristol, NB",DC-WMT-01,19,2026-04-17 23:44:00+00:00,2026-04-18 13:44:00+00:00,-18.0,normal
SHP-0061,T-009,CAR-05,MC-DES-1010,"Florenceville-Bristol, NB",DC-SOB-01,26,2026-04-14 17:19:00+00:00,2026-04-15 02:19:00+00:00,-20.0,normal
SHP-0062,T-001,CAR-04,MC-HBR-1001,"Florenceville-Bristol, NB",DC-CST-01,14,2026-04-17 00:25:00+00:00,2026-04-18 12:25:00+00:00,-18.0,normal
SHP-0063,T-004,CAR-05,MC-DES-1004,"Florenceville-Bristol, NB",DC-WMT-01,17,2026-04-14 02:44:00+00:00,2026-04-15 08:44:00+00:00,-20.0,normal
SHP-0064,T-011,CAR-05,MC-PZA-1043,"Florenceville-Bristol, NB",DC-SOB-01,21,2026-04-13 10:22:00+00:00,2026-04-14 09:22:00+00:00,-18.0,normal
SHP-0065,T-005,CAR-01,MC-HBR-1042,"Florenceville-Bristol, NB",DC-SVN-01,18,2026-04-13 17:32:00+00:00,2026-04-14 19:32:00+00:00,-18.0,normal
SHP-0066,T-004,CAR-05,MC-FRY-1000,"Florenceville-Bristol, NB",DC-CCH-01,19,2026-04-18 05:06:00+00:00,2026-04-19 00:06:00+00:00,-18.0,normal
SHP-0067,T-014,CAR-01,MC-FRY-1040,"Florenceville-Bristol, NB",DC-WHL-01,24,2026-04-14 15:27:00+00:00,2026-04-15 02:27:00+00:00,-18.0,normal
SHP-0068,T-006,CAR-05,MC-PZA-1041,"Florenceville-Bristol, NB",DC-CST-01,16,2026-04-18 03:29:00+00:00,2026-04-18 22:29:00+00:00,-18.0,normal
SHP-0069,T-015,CAR-05,MC-DES-1020,"Florenceville-Bristol, NB",DC-WMT-01,22,2026-04-13 22:17:00+00:00,2026-04-15 08:17:00+00:00,-20.0,normal
SHP-0070,T-008,CAR-01,MC-HBR-1015,"Florenceville-Bristol, NB",DC-WHL-01,23,2026-04-17 01:21:00+00:00,2026-04-17 07:21:00+00:00,-18.0,normal
SHP-0071,T-006,CAR-05,MC-DES-1020,"Florenceville-Bristol, NB",DC-MET-01,16,2026-04-18 04:13:00+00:00,2026-04-18 21:13:00+00:00,-20.0,normal
SHP-0072,T-008,CAR-01,MC-HBR-1021,"Florenceville-Bristol, NB",DC-CST-01,24,2026-04-15 22:35:00+00:00,2026-04-16 04:35:00+00:00,-18.0,normal
SHP-0073,T-014,CAR-01,MC-APP-1012,"Florenceville-Bristol, NB",DC-SOB-01,23,2026-04-15 13:46:00+00:00,2026-04-16 08:46:00+00:00,-18.0,normal
SHP-0074,T-015,CAR-05,MC-DES-1035,"Florenceville-Bristol, NB",DC-WMT-01,23,2026-04-18 01:41:00+00:00,2026-04-19 05:41:00+00:00,-20.0,normal
SHP-0075,T-005,CAR-01,MC-APP-1028,"Florenceville-Bristol, NB",DC-LOB-01,20,2026-04-13 23:18:00+00:00,2026-04-14 12:18:00+00:00,-18.0,normal
SHP-0076,T-001,CAR-04,MC-FRY-1044,"Florenceville-Bristol, NB",DC-WMT-01,19,2026-04-16 06:42:00+00:00,2026-04-17 06:42:00+00:00,-18.0,normal
SHP-0077,T-011,CAR-05,MC-DES-1030,"Florenceville-Bristol, NB",DC-SVN-01,18,2026-04-17 12:47:00+00:00,2026-04-18 11:47:00+00:00,-20.0,normal
SHP-0078,T-001,CAR-04,MC-FRY-1022,"Florenceville-Bristol, NB",DC-WHL-01,15,2026-04-15 21:19:00+00:00,2026-04-16 11:19:00+00:00,-18.0,normal
SHP-0079,T-008,CAR-01,MC-FRY-1007,"Florenceville-Bristol, NB",DC-WMT-01,25,2026-04-16 08:07:00+00:00,2026-04-17 13:07:00+00:00,-18.0,normal
SHP-0080,T-004,CAR-05,MC-FRY-1048,"Florenceville-Bristol, NB",DC-MET-01,23,2026-04-15 01:13:00+00:00,2026-04-16 06:13:00+00:00,-18.0,normal
SHP-0081,T-005,CAR-01,MC-PZA-1017,"Florenceville-Bristol, NB",DC-CST-01,17,2026-04-14 01:53:00+00:00,2026-04-14 13:53:00+00:00,-18.0,normal
SHP-0082,T-007,CAR-01,MC-DES-1014,"Florenceville-Bristol, NB",DC-SVN-01,12,2026-04-14 21:19:00+00:00,2026-04-15 03:19:00+00:00,-20.0,reefer_fail
SHP-0083,T-002,CAR-04,MC-PZA-1017,"Florenceville-Bristol, NB",DC-LOB-01,12,2026-04-13 13:35:00+00:00,2026-04-14 04:35:00+00:00,-18.0,normal
SHP-0084,T-005,CAR-01,MC-FRY-1040,"Florenceville-Bristol, NB",DC-WHL-01,26,2026-04-14 02:55:00+00:00,2026-04-14 08:55:00+00:00,-18.0,normal
SHP-0085,T-015,CAR-05,MC-HBR-1018,"Florenceville-Bristol, NB",DC-WHL-01,13,2026-04-18 02:28:00+00:00,2026-04-18 18:28:00+00:00,-18.0,normal
SHP-0086,T-010,CAR-01,MC-HBR-1003,"Florenceville-Bristol, NB",DC-CST-01,10,2026-04-18 02:07:00+00:00,2026-04-19 10:07:00+00:00,-18.0,normal
SHP-0087,T-002,CAR-04,MC-FRY-1025,"Florenceville-Bristol, NB",DC-WHL-01,9,2026-04-13 18:36:00+00:00,2026-04-14 20:36:00+00:00,-18.0,normal
SHP-0088,T-005,CAR-01,MC-FRY-1009,"Florenceville-Bristol, NB",DC-MET-01,11,2026-04-16 05:05:00+00:00,2026-04-16 18:05:00+00:00,-18.0,normal
SHP-0089,T-004,CAR-05,MC-DES-1035,"Florenceville-Bristol, NB",DC-CCH-01,20,2026-04-15 09:49:00+00:00,2026-04-16 07:49:00+00:00,-20.0,normal
SHP-0090,T-003,CAR-03,MC-APP-1028,"Florenceville-Bristol, NB",DC-WHL-01,21,2026-04-16 04:55:00+00:00,2026-04-17 04:55:00+00:00,-18.0,normal
SHP-0091,T-005,CAR-01,MC-HBR-1019,"Florenceville-Bristol, NB",DC-LOB-01,28,2026-04-14 01:48:00+00:00,2026-04-14 13:48:00+00:00,-18.0,normal
SHP-0092,T-002,CAR-04,MC-APP-1013,"Florenceville-Bristol, NB",DC-CST-01,13,2026-04-13 20:10:00+00:00,2026-04-14 09:10:00+00:00,-18.0,normal
SHP-0093,T-003,CAR-03,MC-DES-1035,"Florenceville-Bristol, NB",DC-SOB-01,22,2026-04-14 16:00:00+00:00,2026-04-15 11:00:00+00:00,-20.0,normal
SHP-0094,T-014,CAR-01,MC-FRY-1044,"Florenceville-Bristol, NB",DC-WHL-01,17,2026-04-16 02:02:00+00:00,2026-04-16 15:02:00+00:00,-18.0,normal
SHP-0095,T-011,CAR-05,MC-HBR-1045,"Florenceville-Bristol, NB",DC-CST-01,15,2026-04-17 20:04:00+00:00,2026-04-18 23:04:00+00:00,-18.0,normal
SHP-0096,T-002,CAR-04,MC-APP-1016,"Florenceville-Bristol, NB",DC-WMT-01,15,2026-04-17 12:07:00+00:00,2026-04-18 11:07:00+00:00,-18.0,normal
SHP-0097,T-007,CAR-01,MC-PZA-1041,"Florenceville-Bristol, NB",DC-MET-01,10,2026-04-15 20:52:00+00:00,2026-04-16 06:52:00+00:00,-18.0,reefer_fail
SHP-0098,T-009,CAR-05,MC-HBR-1003,"Florenceville-Bristol, NB",DC-MET-01,26,2026-04-16 06:38:00+00:00,2026-04-17 11:38:00+00:00,-18.0,normal
SHP-0099,T-006,CAR-05,MC-HBR-1018,"Florenceville-Bristol, NB",DC-WHL-01,17,2026-04-14 07:29:00+00:00,2026-04-15 11:29:00+00:00,-18.0,normal
SHP-0100,T-001,CAR-04,MC-FRY-1044,"Florenceville-Bristol, NB",DC-CCH-01,23,2026-04-15 21:32:00+00:00,2026-04-16 20:32:00+00:00,-18.0,normal
SHP-0101,T-005,CAR-01,MC-APP-1028,"Florenceville-Bristol, NB",DC-SOB-01,18,2026-04-13 10:56:00+00:00,2026-04-14 05:56:00+00:00,-18.0,normal
SHP-0102,T-001,CAR-04,MC-DES-1038,"Florenceville-Bristol, NB",DC-CST-01,26,2026-04-13 06:05:00+00:00,2026-04-13 19:05:00+00:00,-20.0,normal
SHP-0103,T-002,CAR-04,MC-FRY-1037,"Florenceville-Bristol, NB",DC-LOB-01,13,2026-04-15 20:36:00+00:00,2026-04-16 03:36:00+00:00,-18.0,normal
SHP-0104,T-004,CAR-05,MC-DES-1030,"Florenceville-Bristol, NB",DC-WHL-01,21,2026-04-15 23:11:00+00:00,2026-04-16 23:11:00+00:00,-20.0,normal
SHP-0105,T-012,CAR-03,MC-FRY-1040,"Florenceville-Bristol, NB",DC-WHL-01,21,2026-04-13 23:30:00+00:00,2026-04-14 16:30:00+00:00,-18.0,normal
SHP-0106,T-010,CAR-01,MC-HBR-1021,"Florenceville-Bristol, NB",DC-SVN-01,18,2026-04-14 02:54:00+00:00,2026-04-14 13:54:00+00:00,-18.0,normal
SHP-0107,T-009,CAR-05,MC-FRY-1026,"Florenceville-Bristol, NB",DC-WHL-01,20,2026-04-16 01:42:00+00:00,2026-04-17 13:42:00+00:00,-18.0,normal
SHP-0108,T-015,CAR-05,MC-FRY-1048,"Florenceville-Bristol, NB",DC-LOB-01,16,2026-04-17 20:05:00+00:00,2026-04-18 12:05:00+00:00,-18.0,normal
SHP-0109,T-013,CAR-02,MC-DES-1020,"Florenceville-Bristol, NB",DC-SOB-01,8,2026-04-17 07:55:00+00:00,2026-04-18 05:55:00+00:00,-20.0,normal
SHP-0110,T-010,CAR-01,MC-HBR-1042,"Florenceville-Bristol, NB",DC-WHL-01,24,2026-04-17 09:03:00+00:00,2026-04-17 21:03:00+00:00,-18.0,normal
SHP-0111,T-013,CAR-02,MC-DES-1023,"Florenceville-Bristol, NB",DC-WHL-01,14,2026-04-17 17:48:00+00:00,2026-04-18 00:48:00+00:00,-20.0,normal
SHP-0112,T-002,CAR-04,MC-PZA-1017,"Florenceville-Bristol, NB",DC-MET-01,23,2026-04-16 01:28:00+00:00,2026-04-17 11:28:00+00:00,-18.0,normal
SHP-0113,T-009,CAR-05,MC-FRY-1007,"Florenceville-Bristol, NB",DC-LOB-01,17,2026-04-15 13:45:00+00:00,2026-04-16 00:45:00+00:00,-18.0,normal
SHP-0114,T-015,CAR-05,MC-DES-1035,"Florenceville-Bristol, NB",DC-LOB-01,11,2026-04-17 08:05:00+00:00,2026-04-17 21:05:00+00:00,-20.0,normal
SHP-0115,T-001,CAR-04,MC-APP-1029,"Florenceville-Bristol, NB",DC-SOB-01,17,2026-04-14 15:31:00+00:00,2026-04-16 02:31:00+00:00,-18.0,normal
SHP-0116,T-011,CAR-05,MC-FRY-1032,"Florenceville-Bristol, NB",DC-CST-01,23,2026-04-17 10:53:00+00:00,2026-04-18 07:53:00+00:00,-18.0,normal
SHP-0117,T-011,CAR-05,MC-HBR-1015,"Florenceville-Bristol, NB",DC-WHL-01,24,2026-04-14 13:24:00+00:00,2026-04-15 01:24:00+00:00,-18.0,normal
SHP-0118,T-012,CAR-03,MC-PZA-1047,"Florenceville-Bristol, NB",DC-MET-01,21,2026-04-13 17:17:00+00:00,2026-04-14 23:17:00+00:00,-18.0,normal
SHP-0119,T-001,CAR-04,MC-HBR-1021,"Florenceville-Bristol, NB",DC-CST-01,17,2026-04-13 00:18:00+00:00,2026-04-14 05:18:00+00:00,-18.0,normal
SHP-0120,T-012,CAR-03,MC-FRY-1037,"Florenceville-Bristol, NB",DC-WHL-01,23,2026-04-14 14:28:00+00:00,2026-04-15 13:28:00+00:00,-18.0,normal
