trailer_id,carrier_id,reefer_model,capacity_pallets,install_date
T-001,CAR-04,ColdGuard-450,26,2022-10-20
T-002,CAR-04,ArcticPro-9,24,2022-07-14
T-003,CAR-03,TRU-2100X,24,2023-08-17
T-004,CAR-05,TRU-2034,30,2022-11-18
T-005,CAR-01,TRU-2034,30,2023-05-04
T-006,CAR-05,TRU-2100X,24,2023-06-05
T-007,CAR-01,TRU-2100X,24,2023-09-02
T-008,CAR-01,TRU-2100X,26,2022-05-03
T-009,CAR-05,TRU-2100X,30,2023-09-01
T-010,CAR-01,TRU-2034,26,2023-11-05
T-011,CAR-05,ColdGuard-450,26,2022-07-29
T-012,CAR-03,TRU-2100X,26,2023-02-10
T-013,CAR-02,ColdGuard-450,26,2022-11-20
T-014,CAR-01,TRU-2034,26,2023-09-29
T-015,CAR-05,TRU-2034,24,2023-07-05
